{
    "vmin": -13.516528,
    "vmax": 1.762578,
    "original_dim": 768,
    "image_side": 28
}